{"cameraMode":{"drawMode":0,"name":"Shaded","section":"Shading Mode"},"sceneLighting":true,"audioPlay":false,"sceneViewState":{"m_AlwaysRefresh":false,"showFog":true,"showSkybox":true,"showFlares":true,"showImageEffects":true,"showParticleSystems":true,"showVisualEffectGraphs":true,"m_FxEnabled":true},"in2DMode":false,"pivot":{"x":115.83922576904297,"y":45.513153076171878,"z":58.32978057861328},"rotation":{"x":-0.06271480768918991,"y":-0.8598208427429199,"z":0.49493977427482607,"w":-0.10892783105373383},"size":37.674930572509769,"orthographic":false}