{"cameraMode":{"drawMode":0,"name":"Shaded","section":"Shading Mode"},"sceneLighting":true,"audioPlay":false,"sceneViewState":{"m_AlwaysRefresh":true,"showFog":true,"showSkybox":true,"showFlares":true,"showImageEffects":true,"showParticleSystems":true,"showVisualEffectGraphs":true,"m_FxEnabled":true},"in2DMode":false,"pivot":{"x":-1.4724855422973633,"y":2.7589144706726076,"z":0.03654104471206665},"rotation":{"x":0.03574725240468979,"y":0.48121970891952517,"z":-0.0196634940803051,"w":0.875664234161377},"size":3.4254655838012697,"orthographic":true}