{"cameraMode":{"drawMode":0,"name":"Shaded","section":"Shading Mode"},"sceneLighting":true,"audioPlay":false,"sceneViewState":{"m_AlwaysRefresh":true,"showFog":true,"showSkybox":true,"showFlares":true,"showImageEffects":true,"showParticleSystems":true,"showVisualEffectGraphs":true,"m_FxEnabled":true},"in2DMode":false,"pivot":{"x":5.372509002685547,"y":1.3972750902175904,"z":-0.42341965436935427},"rotation":{"x":0.19210928678512574,"y":-0.31093040108680727,"z":0.06432385742664337,"w":0.928607165813446},"size":1.4855644702911378,"orthographic":false}